resNum,DataCol,ColorCol,FontWeight,DataDescription
25S:645,A,#00FFFF,875,25S modification base landscape
25S:649,A,#008000,875
25S:650,C,#008000,870
25S:663,C,#008000,770
25S:776,T,#FF0000,900
25S:805,G,#008000,875
25S:807,A,#008000,875
25S:817,A,#008000,845
25S:867,G,#008000,790
25S:876,A,#008000,775
25S:898,T,#008000,870
25S:908,G,#008000,900
25S:960,T,#FF0000,835
25S:966,T,#FF0000,855
25S:986,T,#FF0000,900
25S:990,T,#FF0000,900
25S:1004,T,#FF0000,825
25S:1042,T,#FF0000,875
25S:1052,T,#FF0000,875
25S:1056,T,#FF0000,875
25S:1110,T,#FF0000,750
25S:1124,T,#FF0000,875
25S:1133,A,#008000,840
25S:1142,G,#008000,875
25S:1437,C,#008000,875
25S:1449,A,#008000,875
25S:1450,G,#008000,875
25S:1888,T,#008000,855
25S:2129,T,#FF0000,900
25S:2133,T,#FF0000,875
25S:2142,A,#00FFFF,875
25S:2191,T,#FF0000,855
25S:2197,C,#008000,865
25S:2220,A,#008000,900
25S:2256,A,#008000,875
25S:2258,T,#FF0000,875
25S:2260,T,#FF0000,875
25S:2264,T,#FF0000,875
25S:2266,T,#FF0000,900
25S:2278,C,#FFA500,900
25S:2280,A,#008000,900
25S:2281,A,#008000,875
25S:2288,G,#008000,900
25S:2314,T,#FF0000,900
25S:2337,C,#008000,900
25S:2340,T,#FF0000,900
25S:2347,T,#808080,785
25S:2349,T,#FF0000,900
25S:2351,T,#FF0000,900
25S:2416,T,#FF0000,900
25S:2395,G,#008000,875
25S:2417,T,#008000,900
25S:2421,T,#008000,875
25S:2619,G,#008000,835
25S:2634,T,#0000FF,875
25S:2640,A,#008000,865
25S:2724,T,#008000,875
25S:2729,T,#008000,775
25S:2735,T,#FF0000,825
25S:2791,G,#008000,830
25S:2793,G,#008000,875
25S:2815,G,#008000,875
25S:2826,T,#FF0000,835
25S:2843,T,#0000FF,875
25S:2865,T,#FF0000,875
25S:2870,C,#FFA500,875
25S:2880,T,#FF0000,900
25S:2921,T,#008000,875
25S:2922,G,#008000,875
25S:2923,T,#FF0000,875
25S:2944,T,#FF0000,690
25S:2946,A,#008000,855
25S:2948,C,#008000,875
25S:2959,C,#008000,870
25S:2975,T,#FF0000,875
